{"cameraMode":{"drawMode":0,"name":"Shaded","section":"Shading Mode"},"sceneLighting":false,"audioPlay":false,"sceneViewState":{"m_AlwaysRefresh":false,"showFog":true,"showSkybox":false,"showFlares":true,"showImageEffects":true,"showParticleSystems":true,"showVisualEffectGraphs":true,"m_FxEnabled":true},"in2DMode":false,"pivot":{"x":0.05805446580052376,"y":-1.071750283241272,"z":-1.1230101585388184},"rotation":{"x":-0.013415632769465447,"y":-0.9335986971855164,"z":0.3565298318862915,"w":-0.034715186804533008},"size":0.8660253882408142,"orthographic":false}