{"cameraMode":{"drawMode":0,"name":"Shaded","section":"Shading Mode"},"sceneLighting":true,"audioPlay":false,"sceneViewState":{"showFog":true,"showMaterialUpdate":false,"showSkybox":true,"showFlares":true,"showImageEffects":true,"showParticleSystems":true,"showVisualEffectGraphs":true,"m_FxEnabled":true},"in2DMode":false,"pivot":{"x":4.7291765213012699,"y":2.334958076477051,"z":13.585070610046387},"rotation":{"x":-0.0006784265860915184,"y":-0.9843198657035828,"z":0.17638219892978669,"w":-0.003835453186184168},"size":1.2247449159622193,"orthographic":false}