{"cameraMode":{"drawMode":0,"name":"Shaded","section":"Shading Mode"},"sceneLighting":true,"audioPlay":false,"sceneViewState":{"m_AlwaysRefresh":false,"showFog":true,"showSkybox":true,"showFlares":true,"showImageEffects":true,"showParticleSystems":true,"showVisualEffectGraphs":true,"m_FxEnabled":true},"in2DMode":false,"pivot":{"x":5.130000114440918,"y":2.1500000953674318,"z":13.140000343322754},"rotation":{"x":0.034371957182884219,"y":-0.9552914500236511,"z":0.12366429716348648,"w":0.2665383815765381},"size":1.2247449159622193,"orthographic":false}