{"cameraMode":{"drawMode":0,"name":"Shaded","section":"Shading Mode"},"sceneLighting":false,"audioPlay":false,"sceneViewState":{"showFog":true,"showMaterialUpdate":false,"showSkybox":false,"showFlares":true,"showImageEffects":true,"showParticleSystems":true,"showVisualEffectGraphs":true,"m_FxEnabled":true},"in2DMode":false,"pivot":{"x":4.694733619689941,"y":2.0279200077056886,"z":13.041855812072754},"rotation":{"x":-0.014649363234639168,"y":0.9834342002868652,"z":-0.15498407185077668,"w":-0.09291062504053116},"size":1.2247449159622193,"orthographic":false}