{"cameraMode":{"drawMode":0,"name":"Shaded","section":"Shading Mode"},"sceneLighting":false,"audioPlay":false,"sceneViewState":{"m_AlwaysRefresh":false,"showFog":true,"showSkybox":false,"showFlares":true,"showImageEffects":true,"showParticleSystems":true,"showVisualEffectGraphs":true,"m_FxEnabled":true},"in2DMode":false,"pivot":{"x":-0.027392547577619554,"y":0.505271852016449,"z":-0.4677903354167938},"rotation":{"x":0.11097569018602371,"y":-0.8715826272964478,"z":0.23201672732830048,"w":0.41749584674835207},"size":0.3588075041770935,"orthographic":false}